profile,param,seed,burst_len,count
bernoulli-loss,loss_rate0.1,1,1,806
bernoulli-loss,loss_rate0.1,1,2,100
bernoulli-loss,loss_rate0.1,1,3,7
bernoulli-loss,loss_rate0.1,1,4,1
bernoulli-loss,loss_rate0.1,1,5,2
bernoulli-loss,loss_rate0.1,2,1,837
bernoulli-loss,loss_rate0.1,2,2,71
bernoulli-loss,loss_rate0.1,2,3,10
bernoulli-loss,loss_rate0.1,3,1,792
bernoulli-loss,loss_rate0.1,3,2,77
bernoulli-loss,loss_rate0.1,3,3,11
clean,,1,1,3
gilbert-elliott,loss_rate0.1_mean_burst5,1,1,49
gilbert-elliott,loss_rate0.1_mean_burst5,1,2,37
gilbert-elliott,loss_rate0.1_mean_burst5,1,3,26
gilbert-elliott,loss_rate0.1_mean_burst5,1,4,19
gilbert-elliott,loss_rate0.1_mean_burst5,1,5,19
gilbert-elliott,loss_rate0.1_mean_burst5,1,6,12
gilbert-elliott,loss_rate0.1_mean_burst5,1,7,12
gilbert-elliott,loss_rate0.1_mean_burst5,1,8,7
gilbert-elliott,loss_rate0.1_mean_burst5,1,9,6
gilbert-elliott,loss_rate0.1_mean_burst5,1,10,4
gilbert-elliott,loss_rate0.1_mean_burst5,1,11,6
gilbert-elliott,loss_rate0.1_mean_burst5,1,12,3
gilbert-elliott,loss_rate0.1_mean_burst5,1,13,5
gilbert-elliott,loss_rate0.1_mean_burst5,1,14,4
gilbert-elliott,loss_rate0.1_mean_burst5,1,17,2
gilbert-elliott,loss_rate0.1_mean_burst5,1,19,1
gilbert-elliott,loss_rate0.1_mean_burst5,1,21,1
gilbert-elliott,loss_rate0.1_mean_burst5,1,27,1
gilbert-elliott,loss_rate0.1_mean_burst5,1,28,1
gilbert-elliott,loss_rate0.1_mean_burst5,2,1,39
gilbert-elliott,loss_rate0.1_mean_burst5,2,2,35
gilbert-elliott,loss_rate0.1_mean_burst5,2,3,25
gilbert-elliott,loss_rate0.1_mean_burst5,2,4,22
gilbert-elliott,loss_rate0.1_mean_burst5,2,5,20
gilbert-elliott,loss_rate0.1_mean_burst5,2,6,10
gilbert-elliott,loss_rate0.1_mean_burst5,2,7,11
gilbert-elliott,loss_rate0.1_mean_burst5,2,8,11
gilbert-elliott,loss_rate0.1_mean_burst5,2,9,5
gilbert-elliott,loss_rate0.1_mean_burst5,2,10,6
gilbert-elliott,loss_rate0.1_mean_burst5,2,11,6
gilbert-elliott,loss_rate0.1_mean_burst5,2,12,3
gilbert-elliott,loss_rate0.1_mean_burst5,2,13,2
gilbert-elliott,loss_rate0.1_mean_burst5,2,14,1
gilbert-elliott,loss_rate0.1_mean_burst5,2,16,3
gilbert-elliott,loss_rate0.1_mean_burst5,2,17,1
gilbert-elliott,loss_rate0.1_mean_burst5,2,18,1
gilbert-elliott,loss_rate0.1_mean_burst5,2,19,1
gilbert-elliott,loss_rate0.1_mean_burst5,2,20,1
gilbert-elliott,loss_rate0.1_mean_burst5,2,23,1
gilbert-elliott,loss_rate0.1_mean_burst5,2,29,1
gilbert-elliott,loss_rate0.1_mean_burst5,3,1,45
gilbert-elliott,loss_rate0.1_mean_burst5,3,2,31
gilbert-elliott,loss_rate0.1_mean_burst5,3,3,34
gilbert-elliott,loss_rate0.1_mean_burst5,3,4,13
gilbert-elliott,loss_rate0.1_mean_burst5,3,5,13
gilbert-elliott,loss_rate0.1_mean_burst5,3,6,9
gilbert-elliott,loss_rate0.1_mean_burst5,3,7,15
gilbert-elliott,loss_rate0.1_mean_burst5,3,8,3
gilbert-elliott,loss_rate0.1_mean_burst5,3,9,7
gilbert-elliott,loss_rate0.1_mean_burst5,3,10,6
gilbert-elliott,loss_rate0.1_mean_burst5,3,11,9
gilbert-elliott,loss_rate0.1_mean_burst5,3,12,5
gilbert-elliott,loss_rate0.1_mean_burst5,3,13,1
gilbert-elliott,loss_rate0.1_mean_burst5,3,14,3
gilbert-elliott,loss_rate0.1_mean_burst5,3,15,2
gilbert-elliott,loss_rate0.1_mean_burst5,3,17,2
gilbert-elliott,loss_rate0.1_mean_burst5,3,19,1
gilbert-elliott,loss_rate0.1_mean_burst5,3,21,2
gilbert-elliott,loss_rate0.1_mean_burst5,3,22,1
