seq,times_elapsed_secs,rtt_ms,lost
0,1.2909877113997936e-06,105.47579196281731,0
1,0.118011332990136,105.48962495522574,0
2,0.23363658296875656,103.40633301530033,0
3,0.3496127499965951,105.4487910005264,0
4,0.4676449580001645,103.96587499417365,0
5,0.5841704579652287,105.62991700135171,0
6,0.7024027079460211,105.52387504139915,0
7,0.8186321249813773,103.62041601911187,0
8,0.9348090829444118,105.45216704485938,0
9,1.052813874965068,105.41654098778963,0
10,1.1707731249625795,105.57462502038106,0
11,1.2888187499484047,105.81045801518485,0
12,1.407244207977783,105.6366249686107,0
13,1.525025790964719,105.6375420303084,0
14,1.6432048329734243,105.33233301248401,0
15,1.7610724159749225,105.59695900883526,0
16,1.8792705409578048,104.48475001612678,0
17,1.9963787909946404,105.56541697587818,0
18,2.1133233750006184,104.81858300045133,0
19,2.2292206659913063,104.9040419748053,0
20,2.345348082948476,105.4405000177212,0
21,2.4633333749952726,105.55787495104596,0
22,2.5814849159796722,103.2015840173699,0
23,2.6972990409703925,104.00162497535348,0
24,2.813928874966223,105.64870800590143,0
25,2.9321844579535536,104.41470803925768,0
26,3.0492078329552896,103.38241700083017,0
27,3.164003915968351,104.58145901793614,0
28,3.278954082983546,101.32262500701472,0
29,3.3921097079874016,103.09141699690372,0
30,3.507813290983904,103.67616696748883,0
31,3.6224267079960555,105.67987494869158,0
32,3.740730082965456,105.63108301721513,0
33,3.8583583329454996,105.5592920165509,0
34,3.975600207981188,101.91820800537243,0
35,4.090180415951181,105.77183403074741,0
36,4.208389457955491,105.57808302110061,0
37,4.3250175409484655,104.6080420492217,0
38,4.441688665945549,103.7567500025034,0
39,4.5567564579541795,105.68362503545359,0
40,4.67505145794712,105.77212501084432,0
41,4.79168770799879,104.13141699973494,0
42,4.908354040991981,105.63224996440113,0
43,5.026603624981362,105.81599996658042,0
44,5.143960790999699,105.31049995915964,0
45,5.26199191599153,101.43270896514878,0
46,5.376082957955077,103.65995799656957,0
47,5.492310749948956,103.44450001139194,0
48,5.608330249961,105.69541598670185,0
49,5.725027374981437,103.19770796922967,0
50,5.840909582970198,104.13337498903275,0
51,5.957599790999666,105.45429197372869,0
52,6.075611624983139,105.56216596160084,0
53,6.193785957992077,104.29854196263477,0
54,6.310756957973354,105.88916699634865,0
55,6.4282248329836875,101.21704201446846,0
56,6.541726249968633,105.99187499610707,0
57,6.660345540964045,102.97895898111165,0
58,6.775933540950064,105.65558401867747,0
59,6.891708540963009,101.00249998504296,0
60,7.005387665994931,105.53433396853507,0
61,7.122916457999963,104.610166978091,0
62,7.238679707981646,105.82062497269362,0
63,7.3571233749971725,103.03274996113032,0
64,7.472770374966785,103.1673329998739,0
65,7.588547665975057,103.80041698226705,0
66,7.704917208000552,102.69433294888586,0
67,7.820193457999267,101.72445798525587,0
68,7.933835999981966,102.43600001558661,0
69,8.048862999945413,101.5468750265427,0
70,8.163015540980268,104.10637501627207,0
71,8.279749332985375,104.61229196516797,0
72,8.401751375000458,101.59941599704325,0
73,8.515954915957991,102.90225001517683,0
74,8.630457665945869,105.58383405441418,0
75,8.748640207981225,102.38574998220429,0
76,8.862308540963568,105.8491250150837,0
77,8.979870290961117,104.88950001308694,0
78,9.096532249997836,105.80237495014444,0
79,9.21263858297607,105.66066700266674,0
80,9.33090220799204,103.55762497056276,0
81,9.44706120796036,105.57537502609193,0
82,9.565274583001155,102.79108298709616,0
83,9.680693540954962,103.95454202080145,0
84,9.79725891596172,105.68149999016896,0
85,9.915595457947347,102.57004201412201,0
86,10.030797749990597,105.87924998253584,0
87,10.149291415989865,105.74729199288413,0
88,10.267588665999938,105.59495899360627,0
89,10.38578841596609,104.51662499690428,0
90,10.500827749958262,103.19287498714402,0
91,10.616641374945175,105.77554104384035,0
92,10.73348570795497,101.36041702935472,0
93,10.847497957991436,105.4598749615252,0
94,10.96557291597128,105.64758401596919,0
95,11.083807082963176,102.29329200228676,0
96,11.196741290972568,105.37141701206565,0
97,11.31403541599866,105.44699995080009,0
98,11.430093040980864,104.64383399812505,0
99,11.547418165951967,102.92458400363103,0
100,11.662948707991745,104.96445797616616,0
101,11.77843499998562,104.80158298742026,0
102,11.894539332948625,105.67908303346485,0
103,12.012246957980096,104.90020801080391,0
104,12.129763499950059,104.89050002070144,0
105,12.247269915998913,103.92662498634309,0
106,12.363802915962879,103.97637501591817,0
107,12.47809537500143,101.35599999921396,0
108,12.592395874962676,105.7417499832809,0
109,12.710381124983542,105.88808299507946,0
110,12.828942540974822,105.98245897563174,0
111,12.945737415982876,101.35016700951383,0
112,13.058485457964707,105.60775001067668,0
113,13.175024707976263,105.64308299217373,0
114,13.291685415955726,105.64041702309623,0
115,13.408779999997932,105.639582965523,0
116,13.527046207978856,103.59458299353719,0
117,13.641883957956452,106.46029200870544,0
118,13.760436082957312,104.61445798864588,0
119,13.877762332966086,102.01512498315424,0
120,13.992507165996358,102.37899998901412,0
121,14.107545082981233,105.85608298424631,0
122,14.225024374958593,104.18166604358703,0
123,14.341688790998887,105.62754195416346,0
124,14.458354207978118,102.70533297443762,0
125,14.573682082991581,103.80300000542775,0
126,14.690101332962513,103.9911670377478,0
127,14.806711374956649,102.47804102255031,0
128,14.921848375000991,105.32566596521065,0
129,15.038809416000731,103.30779198557138,0
130,15.154745832958724,104.06816704198718,0
131,15.269674582988955,103.38624997530133,0
132,15.385624290967826,105.50566698657349,0
133,15.503712499979883,105.78766599064693,0
134,15.62211345799733,105.63149995869026,0
135,15.740341915981844,102.08545898785815,0
136,15.855026374978479,103.59991597943008,0
137,15.971237332967576,104.71841698745266,0
138,16.08760062494548,104.90145802032202,0
139,16.203945915971417,104.17291702469811,0
140,16.31974020798225,105.81912501947954,0
141,16.438184207945596,105.86316703120247,0
142,16.556672207952943,102.73308301111683,0
143,16.672029999957886,103.76645799260587,0
144,16.788399415963795,103.61729201395065,0
145,16.90461183298612,105.73020798619837,0
146,17.022971707978286,102.88720799144357,0
147,17.138475082989316,104.0257079876028,0
148,17.255152290978003,103.71654201298952,0
149,17.37154299998656,104.29099999601021,0
150,17.488381374976598,105.70066596847028,0
151,17.606703832978383,105.7812079670839,0
152,17.725040624965914,102.67329099588096,0
153,17.840374874998815,103.26812497805804,0
154,17.955078915983904,104.41999998874962,0
155,18.071065332973376,105.7977500022389,0
156,18.18948191596428,105.58899998432025,0
157,18.30768912495114,104.26862502936274,0
158,18.423394957964774,102.54237498156726,0
159,18.53647395799635,105.46341695589945,0
160,18.654532540997025,102.81520895659924,0
161,18.767726332996972,105.45604198705405,0
162,18.885065582988318,107.48208296718076,0
163,19.005124165967572,105.46966700349003,0
164,19.12174174998654,104.7005410073325,0
165,19.23787354095839,105.79733399208635,0
166,19.356329957954586,102.9053750098683,0
167,19.471858124947175,108.10195800149813,0
168,19.592300207994413,101.77933296654373,0
169,19.706692665989976,105.53333396092057,0
170,19.82482766598696,105.54899997077882,0
171,19.94211279094452,105.63720902428031,0
172,20.060434540966526,105.81695899600163,0
173,20.17824570799712,105.67187500419095,0
174,20.29651895799907,105.65858299378306,0
175,20.41481116594514,105.66650005057454,0
176,20.53309858299326,104.41333299968392,0
177,20.650123332976364,103.20374998264015,0
178,20.765933457994834,105.66887498134747,0
179,20.882017333002295,103.67637494346127,0
180,20.99831487494521,103.16745802992955,0
181,21.114097999990918,105.68316600983962,0
182,21.23237974999938,105.573957960587,0
183,21.350554499949794,105.09566601831466,0
184,21.466958207951393,105.68166704615578,0
185,21.585267124988604,105.89012497803196,0
186,21.70262058294611,105.55629205191508,0
187,21.821027540951036,105.44179199496284,0
188,21.939067040977534,103.47712499788031,0
189,22.05515445797937,100.93554196646437,0
190,22.168719415960368,105.48349999589846,0
191,22.285467124951538,101.73995804507285,0
192,22.399821374972817,105.25612498167902,0
193,22.516690207994543,105.73491698596627,0
194,22.63340720796259,106.180792034138,0
195,22.750937165983487,104.86437496729195,0
196,22.867530165996868,105.70349998306483,0
197,22.98569524998311,105.80341599415988,0
198,23.104120207950473,104.63325004093349,0
199,23.22140712494729,105.43104103999212,0
200,23.339471790997777,103.35416696034372,0
201,23.455471415945794,100.82229203544557,0
202,23.568906499946024,104.3453750316985,0
203,23.684276374988258,105.58429098455235,0
204,23.802458874997683,102.93433297192678,0
205,23.91796074999729,105.47933296766132,0
206,24.036024999979418,104.80716597521678,0
207,24.150968624977395,105.79208302078769,0
208,24.269380624988116,105.4359579575248,0
209,24.38742895796895,104.67933298787102,0
210,24.50474183296319,103.5878750262782,0
211,24.6210035829572,105.8461670181714,0
212,24.739527374971658,103.59091602731496,0
213,24.855723957996815,105.75616697315127,0
214,24.974078250001185,104.56308297580108,0
215,25.089302624983247,105.80470797140151,0
216,25.207723665982485,103.34845900069922,0
217,25.32145083299838,105.77191697666422,0
218,25.43986441596644,103.49145898362622,0
219,25.555986749997828,102.75008296594024,0
220,25.67141237499891,105.81016598735005,0
221,25.789443040965125,103.65304199513048,0
222,25.905713249987457,104.13466597674415,0
223,26.022475874982774,104.02937501203269,0
224,26.13912679097848,103.77545899245888,0
225,26.255535040982068,104.25487498287112,0
226,26.3723984999815,106.0265830019489,0
227,26.491138790966943,105.81924999132752,0
228,26.609363540948834,105.86233402136713,0
229,26.727848665963393,103.27366698766127,0
230,26.843262124981266,105.9831659658812,0
231,26.9593684579595,104.10154203418642,0
232,27.076033832971007,103.61233301227912,0
233,27.19232904096134,101.5764590119943,0
234,27.3065301659517,105.80820904579014,0
235,27.422972290951293,103.28458400908858,0
236,27.538888457987923,104.4164999620989,0
237,27.655913249996956,104.36654096702114,0
238,27.772329540981445,104.2330419877544,0
239,27.889228332962375,106.03970801457763,0
240,28.007756874954794,101.0304160299711,0
241,28.120224082958885,105.06704199360684,0
242,28.23791716597043,105.0840420066379,0
243,28.353554707951844,101.38529201503843,0
244,28.466742332966533,105.74929200811312,0
245,28.583320415986236,105.80504196695983,0
246,28.70003483298933,102.55599999800324,0
247,28.81305966596119,105.87179200956598,0
248,28.931587249971926,103.2227500109002,0
249,29.04958941595396,101.74183401977643,0
250,29.16395062499214,105.38170801009983,0
251,29.281905332987662,105.3265419905074,0
252,29.399845915962942,105.49937502946705,0
253,29.516623499977868,102.4934999877587,0
254,29.631738457945175,101.50458302814513,0
255,29.745188624947332,105.23162502795458,0
256,29.86328016599873,103.80329197505489,0
257,29.982451082963962,104.62029202608392,0
258,30.099709457950667,104.70512503525242,0
259,30.216710582957603,101.26995801692829,0
260,30.329125082993414,105.72895797668025,0
261,30.447296165977605,104.05137500492856,0
262,30.563494040980004,102.16837498592213,0
263,30.678292040945962,103.51008403813466,0
264,30.79324099997757,105.80445796949789,0
265,30.909929332963657,102.07991703646258,0
266,31.024641415977385,102.64429199742153,0
267,31.13989033299731,105.69845797726884,0
268,31.25654949998716,104.56145799253136,0
269,31.37308808299713,105.67799996351823,0
270,31.491465999977663,105.60391598846763,0
271,31.608988415973727,100.81958398222923,0
272,31.722412540984806,104.88987498683855,0
273,31.838823540951125,103.76637504668906,0
274,31.955242999945767,103.84333302499726,0
275,32.06965112499893,104.09924999112263,0
276,32.186338749947026,105.58591602602974,0
277,32.304541040968616,105.47233402030542,0
278,32.42163883295143,103.75541704706848,0
279,32.53826904098969,101.04616696480662,0
280,32.65190104098292,101.49712499696761,0
281,32.76479229098186,105.51070899236947,0
282,32.882889582950156,101.69612499885261,0
283,32.99720008298755,105.6863329722546,0
284,33.11552491597831,105.8064170065336,0
285,33.23394416598603,105.75029201572761,0
286,33.35103366599651,105.60891695786268,0
287,33.46768537495518,105.25916604092345,0
288,33.58555404096842,101.2501249788329,0
289,33.699409707973246,103.09462499571964,0
290,33.815106499998365,101.66916594607756,0
291,33.929391915968154,104.75983400829136,0
292,34.046779790951405,105.83875002339482,0
293,34.16522612498375,101.96908301440999,0
294,34.278558833000716,105.54824996506795,0
295,34.39676412497647,104.66920799808577,0
296,34.5140545409522,104.03687501093373,0
297,34.630708915996365,105.59704195475206,0
298,34.74893187498674,105.57299997890368,0
299,34.86714920797385,105.61162501107901,0
300,34.98535799997626,105.62958300579339,0
301,35.103937957959715,105.22533301264048,0
302,35.22176849999232,103.50574995391071,0
303,35.337889791000634,102.85304195713252,0
304,35.452600999968126,103.40349999023601,0
305,35.5678111249581,102.20000002300367,0
306,35.68261120800162,105.56791699491441,0
307,35.800785165978596,105.54962500464171,0
308,35.918958082969766,105.59158300748095,0
309,36.037243165948894,104.70916703343391,0
310,36.15359041595366,101.61595902172849,0
311,36.267753915977664,101.87399998540059,0
312,36.37993783300044,105.50858295755461,0
313,36.498038040997926,105.79299996607006,0
314,36.61418583296472,104.04325003037229,0
315,36.73084187495988,105.62329099047929,0
316,36.84816683299141,104.73324998747557,0
317,36.96553983294871,105.59612500946969,0
318,37.082620374974795,105.602000025101,0
319,37.20023320795735,106.00187501404434,0
320,37.31884404097218,100.64100002637133,0
321,37.432052374992054,105.46004096977413,0
322,37.550045540963765,105.47008400317281,0
323,37.66564099997049,103.41891599819064,0
324,37.78113687498262,105.04312498960644,0
325,37.89880337496288,100.83420801674947,0
326,38.01033074996667,102.5892500183545,0
327,38.125627415953204,105.83187500014901,0
328,38.24339337495621,105.81720800837502,0
329,38.36184429097921,105.87262501940131,0
330,38.47912874998292,105.52745801396668,0
331,38.59725108294515,105.67408305360004,0
332,38.713901290961076,100.78587499447167,0
333,38.827313749992754,105.87666596984491,0
334,38.944891249993816,105.64945795340464,0
335,39.06190179096302,103.51258399896324,0
336,39.17801020795014,105.90004205005243,0
337,39.29519670800073,102.8162079746835,0
338,39.41029695799807,102.79983299551532,0
339,39.52578616596293,101.80579201551154,0
340,39.64094508299604,103.08758297469467,0
341,39.75662991596619,105.54691700963303,0
342,39.87230849999469,105.61416595010087,0
343,39.988810874987394,102.55445796065032,0
344,40.10395795799559,105.66583299078047,0
345,40.222094832977746,105.84133298834786,0
346,40.338259874959476,102.23008302273229,0
347,40.45311158295954,100.88204202475026,0
348,40.564382207987364,105.75308301486075,0
349,40.68279866594821,103.8240420166403,0
350,40.79923908296041,104.11416698480025,0
351,40.91396079096012,105.78041704138741,0
352,41.031274707987905,105.67437496501952,0
353,41.149565290950704,101.72620904631913,0
354,41.263867207977455,105.49362498568371,0
355,41.38192229095148,105.49550002906471,0
356,41.49767333298223,105.38579197600484,0
357,41.61561149999034,105.56270799133927,0
358,41.73206824995577,104.84862502198666,0
359,41.849526374950074,103.98445802275091,0
360,41.966129582957365,101.14183300174773,0
361,42.07897554099327,104.6147919842042,0
362,42.19623329094611,104.57579203648493,0
363,42.31338887498714,105.51270795986056,0
364,42.431472999975085,103.77470799721777,0
365,42.547924915968906,101.33824998047203,0
366,42.66188395797508,105.53266701754183,0
367,42.77760424994631,105.90404103277251,0
368,42.89611504098866,104.54991698497906,0
369,43.013229415984824,104.66179199283943,0
370,43.1304502079729,100.53541697561741,0
371,43.241664207947906,105.48629204276949,0
372,43.35855741595151,105.49083404475823,0
373,43.47660283296136,107.19779203645885,0
374,43.59637204097817,105.68325000349432,0
375,43.71412016596878,106.04325000895187,0
376,43.832875832973514,102.01395797776058,0
377,43.94756129098823,105.80808395752683,0
378,44.06599054095568,101.59279202343896,0
379,44.18203345796792,106.00016702665016,0
380,44.30035799997859,105.68020801292732,0
381,44.41670962498756,105.68912496091798,0
382,44.53502974996809,105.76495801797137,0
383,44.652362624998204,101.07754095224664,0
384,44.7660647079465,100.88266700040549,0
385,44.87954562494997,105.60912505025044,0
386,44.99688024999341,106.09841597033665,0
387,45.11331212497316,105.53891601739451,0
388,45.23144141596276,102.26241702912375,0
389,45.346321790944785,103.72429201379418,0
390,45.46147341595497,102.9720000224188,0
391,45.57540883298498,105.67204200197011,0
392,45.69367983296979,104.77479198016226,0
393,45.811027582967654,101.48416698211804,0
394,45.92512662499212,105.5122499819845,0
395,46.04250424995553,105.2945830160752,0
396,46.15941283298889,105.49329197965562,0
397,46.27635120798368,105.6071249768138,0
398,46.394565790949855,102.12845902424306,0
399,46.508159832970705,104.67020800570026,0
400,46.62544049997814,102.84629097441211,0
401,46.739179874944966,105.76162504730746,0
402,46.85687633295311,102.32437500962988,0
403,46.971830040973146,104.16375001659617,0
404,47.08861666597659,105.7792499777861,0
405,47.20457883295603,106.12879204563797,0
406,47.323330290964805,104.01133401319385,0
407,47.43848416599212,101.85862495563924,0
408,47.55297979095485,101.90237499773502,0
409,47.66753133299062,102.12979197967798,0
410,47.78221637499519,105.36799998953938,0
411,47.90012099995511,105.59437499614432,0
412,48.018300124967936,105.54283298552036,0
413,48.136557332996745,103.97779196500778,0
414,48.253153540950734,105.58375000255182,0
415,48.37019224994583,101.106291054748,0
416,48.483920499973465,101.43145802430809,0
417,48.59730379097164,105.63562501920387,0
418,48.715554582944605,103.39870804455131,0
419,48.83153287495952,104.98666600324214,0
420,48.94783699995605,104.79425004450604,0
421,49.064252457988914,104.52158300904557,0
422,49.18139791599242,102.50529198674485,0
423,49.29637099994579,105.3678750176914,0
424,49.41324420797173,105.72425002465025,0
425,49.53163462498924,100.93554097693413,0
426,49.64516208297573,105.6388330180198,0
427,49.762485249957535,104.77512504439801,0
428,49.88175608299207,105.71324999909848,0
429,50.00141866598278,105.46145896660164,0
430,50.11934958299389,105.6256250012666,0
431,50.23542624997208,105.75487499590963,0
432,50.353823374956846,101.54266603058204,0
433,50.46797620796133,101.72425000928342,0
434,50.582352500001434,105.82654096651822,0
435,50.7008094159537,105.86029203841463,0
436,50.8193178329966,105.90091696940362,0
437,50.93742249999195,105.9573749662377,0
438,51.05749887495767,103.40529103996232,0
439,51.1732286659535,101.94883402436972,0
440,51.28616970794974,107.84816701197997,0
441,51.40671020798618,100.48587498022243,0
442,51.51889929099707,105.39791698101908,0
443,51.63651995797409,101.08783299801871,0
444,51.74814562499523,104.24849996343255,0
445,51.862698832992464,106.72904195962474,0
446,51.981627415982075,102.9481670120731,0
447,52.09479362500133,101.79066599812359,0
448,52.23183704097755,102.68133401405066,0
449,52.347229665960185,105.667750001885,0
450,52.463124999951106,105.66479101544246,0
451,52.58141229097964,105.21650000009686,0
452,52.69752599997446,104.21208298066631,0
453,52.81435529096052,105.58974999003112,0
454,52.932609540992416,104.77154195541516,0
455,53.048427290981635,102.10166696924716,0
456,53.16316666599596,101.06087499298155,0
457,53.275513290951494,105.80187500454485,0
458,53.39557437499752,106.08504095580429,0
459,53.51239962497493,105.71612499188632,0
460,53.62903562496649,104.97691598720849,0
461,53.74527616595151,100.81291699316353,0
462,53.85725370794535,105.95125000691041,0
463,53.97582454094663,102.25245903711766,0
464,54.090688374999445,105.33570795087144,0
465,54.208335915987846,105.42129201348871,0
466,54.32499758299673,105.57304200483486,0
467,54.443078999989666,105.76124995714054,0
468,54.560872874979395,102.23416599910706,0
469,54.6753982079681,103.5152500262484,0
470,54.79149058298208,101.28416697261855,0
471,54.905386332946364,105.72212503757328,0
472,55.023721707984805,105.0010829931125,0
473,55.14133191597648,105.00979202333838,0
474,55.2577707079472,105.42000003624707,0
475,55.37582129094517,105.72841705288738,0
476,55.494192165962886,101.98441700777039,0
477,55.60836420796113,105.84525001468137,0
478,55.72553120797966,102.48162498464808,0
479,55.84062837495003,101.86795803019777,0
480,55.95492770796409,105.7927500223741,0
481,56.07334058295237,102.59595804382116,0
482,56.18858066597022,105.70212500169873,0
483,56.306884499965236,103.71062502963468,0
484,56.42315312498249,105.4895410197787,0
485,56.54121816594852,101.45466704852879,0
486,56.65432949998649,105.55162496166304,0
487,56.77059620799264,105.60529195936397,0
488,56.88744174997555,105.52425001515076,0
489,57.0048867079895,101.77070798818022,0
490,57.11926366598345,103.81416697055101,0
491,57.233830707962625,105.876374989748,0
492,57.350038290955126,105.87700002361089,0
493,57.46854708297178,104.03641697485,0
494,57.584214540955145,102.94054204132408,0
495,57.699780165974516,105.7646669796668,0
496,57.81767541595036,105.63091700896621,0
497,57.9359176249709,102.79670800082386,0
498,58.05132991599385,105.59170896885917,0
499,58.16781529097352,103.07554202154279,0
500,58.28350437496556,101.18237498681992,0
501,58.39731012500124,101.29829094512388,0
502,58.5112114159856,101.52770899003372,0
503,58.62426404096186,100.69187503540888,0
504,58.737591165991034,105.94416700769216,0
505,58.853907457960304,102.29808301664889,0
506,58.968778915994335,103.23099995730445,0
507,59.0844422079972,105.93529196921736,0
508,59.20261858298909,101.81995795574039,0
509,59.31527566595469,105.55933404248208,0
510,59.43345508299535,105.66133295651525,0
511,59.550439540995285,104.55966700101271,0
512,59.66768058296293,100.81512498436496,0
513,59.78111733298283,105.61187501298264,0
514,59.89759362494806,105.68041604710743,0
515,60.015884249995,105.70212500169873,0
516,60.134228999959305,104.78762502316386,0
517,60.25163724995218,110.0959160248749,0
518,60.37344324996229,101.17137501947582,0
519,60.48617716599256,104.67708396026865,0
520,60.60113124997588,105.65099999075755,0
521,60.71770633297274,101.36199998669326,0
522,60.82954762497684,105.55758298141882,0
523,60.947695624956395,102.51904104370624,0
524,61.06276987498859,103.01625001011416,0
525,61.17838104098337,105.63212499255314,0
526,61.296639999956824,103.26020803768188,0
527,61.41252137499396,105.67824996542186,0
528,61.53080324997427,100.53420800250024,0
529,61.64310345798731,100.73845798615366,0
530,61.75654766598018,106.10274999635294,0
531,61.87438733299496,105.93029198935255,0
532,61.99214516597567,102.04249998787418,0
533,62.10577116598142,101.11587500432506,0
534,62.21839445794467,101.31641704356298,0
535,62.33131024998147,100.61904101166874,0
536,62.44451299996581,101.71524999896064,0
537,62.55834829097148,104.96241698274389,0
538,62.67476912494749,101.02525004185736,0
539,62.78836591599975,103.54079195531085,0
540,62.902467374980915,105.73295800713822,0
541,63.020845040970016,105.75799999060109,0
542,63.139193082985,105.58766697067767,0
543,63.25716045795707,104.60558300837874,0
544,63.373575082980096,104.72341696731746,0
545,63.49090649996651,104.4770409935154,0
546,63.60671087499941,105.70512496633455,0
547,63.725042082951404,103.24783303076401,0
548,63.840915540989954,104.44349999306723,0
549,63.95793616597075,104.08283397555351,0
550,64.07459549995838,104.22675003064796,0
551,64.19143049995182,104.85400003381073,0
552,64.30885504098842,101.17366700433195,0
553,64.42046329099685,105.72062496794388,0
554,64.53865424997639,105.81029101740569,0
555,64.65597337496001,105.72870803298429,0
556,64.77285212499555,104.34937500394881,0
557,64.88866666599642,104.90254196338356,0
558,65.00835283298511,105.54991697426885,0
559,65.12551366596017,102.32366702985018,0
560,65.24063324998133,102.14179096510634,0
561,65.35536545794457,111.41366703668609,0
562,65.48061658296501,104.63470802642405,0
563,65.5978349999641,104.95054099010304,0
564,65.71535945800133,102.26199997123331,0
565,65.82944641599897,104.92983396397904,0
566,65.94709629099816,101.30379197653383,0
567,66.06101579096867,102.74479200597852,0
568,66.17552358296234,102.49449999537319,0
569,66.28892541595269,105.47091701300815,0
570,66.40696483297506,105.52729200571775,0
571,66.52278999995906,102.02879103599116,0
572,66.63548366597388,101.43595898989588,0
573,66.74949970794842,105.54154199780896,0
574,66.86633483297192,103.47845801152289,0
575,66.9825779160019,100.72983399732038,0
576,67.09497445798479,121.86837499029934,0
577,67.22947174997535,104.05775002436712,0
578,67.34607395797502,105.24912498658523,0
579,67.46388983295765,104.83012499753386,0
580,67.5815898749861,104.52133300714195,0
581,67.6975089579937,100.99199996329844,0
582,67.81104191596387,101.19499999564141,0
583,67.92334624996874,105.61595798935741,0
584,68.0415847079712,105.88229197310284,0
585,68.16009083297104,105.16629199264571,0
586,68.27784758299822,105.7377079850994,0
587,68.39429129095515,102.32358402572572,0
588,68.50922049995279,105.67020799499005,0
589,68.62753866595449,103.749375033658,0
590,68.74255804094719,104.48529204586521,0
591,68.85809579095803,105.73237499920651,0
592,68.97507537499769,105.0097499974072,0
593,69.09229854098521,101.40558396233246,0
594,69.20639999996638,101.90700000384822,0
595,69.31990354094887,105.61591701116413,0
596,69.43569295795169,100.79125000629574,0
597,69.54864162497688,104.1281659854576,0
598,69.66449429094791,101.75637505017221,0
599,69.77741695794975,102.41533303633332,0
600,69.89243416598765,103.67904196027666,0
601,70.00756154098781,104.5769999618642,0
602,70.12324504094431,105.52191705210134,0
603,70.24135720799677,102.00316697591916,0
604,70.35490674996981,105.46262498246506,0
605,70.4761104999925,103.85995800606906,0
606,70.59171012497973,105.7648750138469,0
607,70.71009091596352,105.751083989162,0
608,70.82760024996242,103.71141601353884,0
609,70.94312516599894,103.04983396781608,0
610,71.05835791595746,102.49037499306723,0
611,71.1734364159638,101.06433398323134,0
612,71.28631212498294,102.45041601592675,0
613,71.40140583296306,105.75554199749604,0
614,71.51986945798853,105.30612501315773,0
615,71.63772154098842,105.36916699493304,0
616,71.75563641596818,105.52770900540054,0
617,71.87375583295943,105.5785000207834,0
618,71.9919437909848,105.72666698135436,0
619,72.11030487495009,105.77545803971589,0
620,72.22745087498333,104.79437501635402,0
621,72.34427724999841,101.51933296583593,0
622,72.45837266597664,108.50670898798853,0
623,72.57712095795432,105.9386670240201,0
624,72.69578624999849,106.33520799456164,0
625,72.81320674996823,104.8120409832336,0
626,72.92964491597377,105.0614999840036,0
627,73.04795262496918,105.67050002282485,0
628,73.16521674999967,105.96304095815867,0
629,73.2838299999712,102.94225002871826,0
630,73.39950108295307,105.66375002963468,0
631,73.5167053329642,103.1776670133695,0
632,73.63248154096073,103.17287500947714,0
633,73.74828304100083,103.60216698609293,0
634,73.86448124999879,105.68366595543921,0
635,73.98284337494988,105.38304102374241,0
636,74.09869512496516,103.37554098805413,0
637,74.21469129098114,101.708541973494,0
638,74.32981770799961,105.79112498089671,0
639,74.44715966598596,104.73924997495487,0
640,74.56453779095318,104.44816702511162,0
641,74.68127624999033,104.38204096863046,0
642,74.79826583300019,101.54599999077618,0
643,74.91083229094511,102.63854201184586,0
644,75.02634074998787,104.39320799196139,0
645,75.14338883297751,104.16737501509488,0
646,75.2601647079573,103.15662500215694,0
647,75.37679591594497,102.75825002463534,0
648,75.49338779097889,101.98958398541436,0
649,75.60800054098945,101.51874995790422,0
650,75.7209984579822,107.19729197444394,0
651,75.84087729098974,104.50337501242757,0
652,75.95797624997795,104.91033300058916,0
653,76.07545662496705,105.65625003073364,0
654,76.19371320796199,105.57687503751367,0
655,76.30944720795378,105.73429201031104,0
656,76.42779833299574,104.43954198854044,0
657,76.54482287494466,105.54595803841949,0
658,76.66300983296242,106.38875002041459,0
659,76.78015654097544,105.64633400645107,0
660,76.89839991595363,100.96729203360155,0
661,77.01196254097158,100.907834013924,0
662,77.12485362496227,105.13733298284933,0
663,77.24264474998927,103.64004096481949,0
664,77.35892799997237,105.36200000206009,0
665,77.47689220798202,105.64408299978822,0
666,77.59406654100167,105.85008398629725,0
667,77.71254695794778,105.7718750089407,0
668,77.82888999994611,100.77812505187467,0
669,77.94006012496538,102.57129103410989,0
670,78.05400304094655,105.65825004596263,0
671,78.17222591600148,105.65233399393037,0
672,78.28974229097366,105.63433397328481,0
673,78.40592220798135,104.09087501466274,0
674,78.52123295795172,101.30420804489404,0
675,78.63516258297022,105.76091700932011,0
676,78.75267083296785,102.70891699474305,0
677,78.86717183300061,103.91574999084696,0
678,78.98256291594589,100.48804205143824,0
679,79.09564554097597,105.56883399840444,0
680,79.21185758296633,102.77854203013703,0
681,79.32723199995235,102.93112503131852,0
682,79.443904499989,104.85766601050273,0
683,79.56131033296697,105.48199998447672,0
684,79.67852624994703,105.62062502140179,0
685,79.79564766597468,105.09445902425796,0
686,79.91233391599962,100.80395895056427,0
687,80.02419345796807,100.85991700179875,0
688,80.1378757909988,104.49695895658806,0
689,80.2540697499644,105.72029103059322,0
690,80.36993112496566,105.55766598554328,0
691,80.48810408299323,101.23341699363664,0
692,80.60195349995047,105.84929102333263,0
693,80.72049891599454,105.75254197465256,0
694,80.8370258329669,104.99000002164394,0
695,80.95398783299606,100.81666696351022,0
696,81.06711866596015,104.80650002136827,0
697,81.18454241595464,105.82487500505522,0
698,81.30192504095612,103.22758404072374,0
699,81.41778345796047,105.80391698749736,0
700,81.53535470797215,105.77362502226606,0
701,81.65376716596074,101.27199999988079,0
702,81.76755037496332,105.63166602514684,0
703,81.88575979095185,105.44562502764165,0
704,82.00390387495281,105.6756250327453,0
705,82.12216933298623,102.29679197072983,0
706,82.23704612499569,105.50745797809213,0
707,82.35517658299068,101.03445796994492,0
708,82.46877737494651,105.5913750315085,0
709,82.58715899998788,107.5577909941785,0
710,82.70736124995165,101.00566601613536,0
711,82.82098629098618,102.58995898766443,0
712,82.93616691598436,101.54424997745082,0
713,83.0503326249891,105.73516599833965,0
714,83.16851262497948,105.71566596627235,0
715,83.2860370829585,105.77479202765971,0
716,83.40436674997909,101.90570796839893,0
717,83.51888637494994,103.601458016783,0
718,83.63509016594617,101.48791701067239,0
719,83.7493252499844,105.70675000781193,0
720,83.86743629095145,101.61975002847612,0
721,83.98116233298788,101.21279198210686,0
722,84.09405412495835,104.47337501682341,0
723,84.21007433295017,102.58045804221183,0
724,84.3253527909983,102.89083397947252,0
725,84.44085129100131,102.1224589785561,0
726,84.55415045795962,105.56695802370086,0
727,84.67227095796261,105.55170802399516,0
728,84.79046616598498,106.27862496767193,0
729,84.90940162498737,104.97691598720849,0
730,85.02700587495929,105.68041598889977,0
731,85.1445448329905,105.28033296577632,0
732,85.26073566597188,105.50370899727568,0
733,85.37634908297332,102.72741701919585,0
734,85.49168816598831,102.17879200354218,0
735,85.6064736249973,105.61924998182803,0
736,85.72325104096672,104.7590840025805,0
737,85.83947116596391,100.71854200214148,0
738,85.95252537494525,104.62858300888911,0
739,86.06979162496282,101.68437502579764,0
740,86.18288604100235,105.75787496054545,0
741,86.3000308329938,104.27799995522946,0
742,86.41670699999668,105.76658300124109,0
743,86.53518079099013,105.49337498378009,0
744,86.65327579097357,105.65300000598654,0
745,86.77149933297187,105.45262502273545,0
746,86.8911070409813,105.44791701249778,0
747,87.00815383298323,104.03116699308157,0
748,87.12477424996905,101.19058302370831,0
749,87.23858558299253,105.6452079792507,0
750,87.35682237497531,106.08987498562783,0
751,87.47455358295701,105.70216702762991,0
752,87.59143862494966,106.04254103964195,0
753,87.70837799995206,105.98979104543105,0
754,87.82729374995688,106.14237503614277,0
755,87.94605937495362,104.58341601770371,0
756,88.06326258298941,105.28758296277374,0
757,88.18113824998727,101.92037496017292,0
758,88.29465854098089,101.56654199818149,0
759,88.40756066597532,101.00991697981954,0
760,88.51886737497989,105.76029098592699,0
761,88.6356036659563,105.73362500872463,0
762,88.75204754096922,103.77074999269098,0
763,88.86599337495863,105.48162501072511,0
764,88.98407649999717,102.55908296676353,0
765,89.09928504098207,102.77333401609212,0
766,89.21358874998987,105.78804096439853,0
767,89.33199608296854,105.68116698414087,0
768,89.44834374997299,105.70470802485943,0
769,89.56504604098154,105.72920896811411,0
770,89.68339616595767,101.93679202347994,0
771,89.79799270798685,104.74258300382644,0
772,89.91536591597833,101.22170898830518,0
773,90.02925062499708,102.06729097990319,0
774,90.14291620795848,105.49687501043081,0
775,90.2600824579713,104.28320802748203,0
776,90.37697683298029,101.2713749660179,0
777,90.49089220794849,105.3347080014646,0
778,90.6073372499668,101.33629100164399,0
779,90.71907054097392,104.1752920136787,0
780,90.83600024995394,103.06154104182497,0
781,90.9518747080001,105.70066695800051,0
782,91.06774958298774,105.332457984332,0
783,91.18690224998863,105.84983299486339,0
784,91.30287062498974,102.45929099619389,0
785,91.41845733299851,103.18229196127504,0
786,91.53443383297417,102.00974997133017,0
787,91.64986058295472,102.59854199830443,0
788,91.76444591599284,107.68170899245888,0
789,91.88473612495,105.71191599592566,0
790,92.00202837499091,105.3722079959698,0
791,92.11768774996744,102.52950002904981,0
792,92.23280166595941,105.58879200834781,0
793,92.35103141597938,104.11037498852238,0
794,92.46635837497888,101.11808299552649,0
795,92.57886079099262,104.89237500587478,0
796,92.6958462499897,104.38624996459112,0
797,92.8109493329539,101.04966699145734,0
798,92.92333654098911,105.12404196197167,0
799,93.04106308298651,104.44170801201835,0
800,93.15810387500096,104.39891595160589,0
801,93.27500454097753,105.84037500666454,0
802,93.39364079094958,104.19629199896008,0
803,93.51044941594591,101.67533403728157,0
804,93.62370962498244,105.74508301215246,0
805,93.74118470796384,104.31212501134723,0
806,93.85812574997544,104.70591601915658,0
807,93.97558741597459,105.65854201558977,0
808,94.09293374995468,105.84687499795109,0
809,94.21146699995734,103.87245804304257,0
810,94.3279267079779,101.71629197429866,0
811,94.44224591599777,105.66995898261666,0
812,94.55988674995024,105.75012501794845,0
813,94.67792320798617,102.21133299637586,0
814,94.79271466599312,104.17895897990093,0
815,94.91036495799199,101.29074996802956,0
816,95.02323666599113,105.60329200234264,0
817,95.1414329999825,102.36108297249302,0
818,95.25523095799144,105.44779198244214,0
819,95.37257324997336,106.03116598213091,0
820,95.49123074999079,106.61879100371152,0
821,95.61044208297972,102.16195799876004,0
822,95.72523245797493,106.4514999743551,0
823,95.84425004100194,101.84716695221141,0
824,95.95867512497352,105.60316598275676,0
825,96.07507391599938,104.53462495934218,0
826,96.19016333296895,106.22562502976507,0
827,96.30901887494838,105.42854102095589,0
828,96.42705920798471,104.73670798819512,0
829,96.54218362498796,105.72354099713266,0
830,96.65897587494692,105.7741250260733,0
831,96.77737237495603,105.56220804573968,0
832,96.89522891596425,105.57254200102761,0
833,97.01235933299176,105.87237495929003,0
834,97.13087095797528,102.56595799000934,0
835,97.24584299995331,104.306583001744,0
836,97.36276720796013,103.75916701741517,0
837,97.47864741599187,105.62216700054705,0
838,97.59685320797144,105.60670797713101,0
839,97.71592229098314,105.64495896687731,0
840,97.83290904096793,105.73008400388062,0
841,97.95003833295777,101.7873749951832,0
842,98.06444633298088,104.53929199138656,0
843,98.17942599998787,105.70204100804403,0
844,98.29599554097513,105.75212497496977,0
845,98.41332599997986,105.76483298791572,0
846,98.52949574997183,104.94708298938349,0
847,98.6470854159561,101.08970903092995,0
848,98.76077074999921,103.59600000083447,0
849,98.87641762499698,104.45054096635431,0
850,98.99232020799536,105.61458294978365,0
851,99.10898695798824,102.12524997768924,0
852,99.22241241595475,103.47975004697219,0
853,99.3386449579848,104.84729200834408,0
854,99.45546666596783,106.58025002339855,0
855,99.57469499995932,101.3919580145739,0
856,99.68865995795932,105.745000008028,0
857,99.80705733294599,104.27925002295524,0
858,99.92400820797775,106.01879202295095,0
859,100.0425204159692,105.31925002578646,0
860,100.16046720795566,102.40008303662762,0
861,100.27556412498234,101.26887500518933,0
862,100.38843408296816,105.76108301756904,0
863,100.50682574999519,101.3632079702802,0
864,100.62084449996473,102.01183299068362,0
865,100.73548595799366,102.51695796614513,0
866,100.85062220797408,101.76250000949949,0
867,100.96496399998432,102.02966601355001,0
868,101.07862108299742,101.52591695077717,0
869,101.19191279099323,105.28295900439844,0
870,101.30867866595509,105.08545901393518,0
871,101.42640370799927,105.88720795931295,0
872,101.54246454098029,103.32112497417256,0
873,101.65838949999306,108.91429096227512,0
874,101.77996349998284,105.69012496853247,0
875,101.89705058297841,105.35516700474545,0
876,102.01501595799346,105.69016699446365,0
877,102.13333129097009,105.63795902999118,0
878,102.25158091599587,104.07804197166115,0
879,102.36693999997806,105.52720801206306,0
880,102.48504466598388,101.3871249742806,0
881,102.59795787499752,101.88158298842609,0
882,102.71245516597992,102.54812496714294,0
883,102.82703537499765,102.60204097721726,0
884,102.94183620798867,102.18458296731114,0
885,103.05468374997145,106.09837499214336,0
886,103.17322712496389,101.07483301544562,0
887,103.28689420799492,102.98424999928102,0
888,103.40360799996415,117.7310409839265,0
889,103.53398687497247,100.9167080046609,0
890,103.64757224998903,103.93933299928904,0
891,103.7621173329535,101.64770804112777,0
892,103.87404241599143,103.08929200982675,0
893,103.989752665977,105.736416997388,0
894,104.10747549997177,105.41912500048056,0
895,104.22641266597202,100.89770902413875,0
896,104.33920304098865,105.516167008318,0
897,104.45622629096033,102.32595901470631,0
898,104.57004187494749,105.87312502320856,0
899,104.68662666599266,102.74208395276219,0
900,104.8024456659914,105.35891697509214,0
901,104.92045554099604,107.00816696044058,0
902,105.04009037499782,101.07862495351583,0
903,105.15232891595224,105.75929202605039,0
904,105.27071233297465,104.82516698539257,0
905,105.38833787495969,101.55887500150129,0
906,105.5022019999451,104.52591604553163,0
907,105.61934404098429,103.5349169978872,0
908,105.73549958295189,101.29008302465081,0
909,105.8511427079793,105.47816701000556,0
910,105.96918495796854,105.55291699711233,0
911,106.08678116597002,105.76879198197275,0
912,106.20520912494976,101.06320801423863,0
913,106.31885870796395,105.61858303844929,0
914,106.43708987499122,105.60387501027435,0
915,106.55427583295386,102.00495802564546,0
916,106.66807145799976,103.66041696397588,0
917,106.78289358294569,105.61291704652831,0
918,106.89925437496277,101.49158298736438,0
919,107.0134017909877,103.76837500371039,0
920,107.12907149997773,105.32691597472876,0
921,107.24706949997926,105.74670799542218,0
922,107.36337312497199,103.69212500518188,0
923,107.47963987494586,103.4084580023773,0
924,107.5956958749448,104.70825002994388,0
925,107.71265279100044,105.57308397255838,0
926,107.82958616595715,105.74708401691169,0
927,107.94626195798628,101.20612499304116,0
928,108.05904158297926,101.6872079926543,0
929,108.1733611249947,105.50833295565099,0
930,108.29143145796843,104.34716701274738,0
931,108.408379957953,104.01516704587266,0
932,108.52548024995485,102.76883299229667,0
933,108.6404777909629,102.1585839916952,0
934,108.75440574996173,105.88587500387803,0
935,108.87294108298374,105.79654201865196,0
936,108.99017437495058,100.92941601760685,0
937,109.10372299997834,102.85704099806026,0
938,109.21708404098172,105.51258397754282,0
939,109.33463629096514,102.51416702521965,0
940,109.44733333296608,102.10166702745482,0
941,109.55997624999145,105.82158295437694,0
942,109.67683845799183,105.64083297504112,0
943,109.79510874999687,105.57487496407703,0
944,109.91327020799508,104.7503330046311,0
945,110.02955466596177,104.31212501134723,0
946,110.146702332946,106.37720802333206,0
947,110.26382108294638,101.12462501274422,0
948,110.37647537497105,105.77966598793864,0
949,110.49501858296571,105.49045802326873,0
950,110.61309399997117,105.04649998620152,0
951,110.72948433295824,101.88312502577901,0
952,110.84395520796534,103.24283299269155,0
953,110.95805829099845,100.84491700399667,0
954,111.07149024994578,105.6700000190176,0
955,111.18930916598765,105.64283397980034,0
956,111.30754712497583,102.79083298519254,0
957,111.42150370799936,101.07774997595698,0
958,111.53520083299372,105.61566695105284,0
959,111.65343524998752,102.33437496935949,0
960,111.76731483294861,102.3523750482127,0
961,111.88228354096645,102.88779198890552,0
962,111.9957273749751,105.76250002486631,0
963,112.11377233295934,105.74679198907688,0
964,112.23212766594952,105.81570904469118,0
965,112.35058904095786,102.88437502458692,0
966,112.46597141597886,105.67424999317154,0
967,112.58424108295003,105.01216701231897,0
968,112.70185512496391,105.68870801944286,0
969,112.82015395798953,105.67424999317154,0
970,112.93848183297087,105.64658301882446,0
971,113.05670991598163,105.05054198438302,0
972,113.17435724998359,104.57466600928456,0
973,113.29162116599036,103.2487089978531,0
974,113.40630691597471,105.10412498842925,0
975,113.52403937495546,102.1962080267258,0
976,113.63882129098056,105.66900001140311,0
977,113.75587045797147,102.56312502315268,0
978,113.86990366596729,105.65479198703542,0
979,113.98700624995399,105.98125000251457,0
980,114.10451029095566,105.62283400213346,0
981,114.22273291595047,102.95687499456108,0
982,114.33828529098537,101.34487500181422,0
983,114.45094808295835,105.47008301364258,0
984,114.5670699159964,105.0042089773342,0
985,114.68466991599416,105.54058395791799,0
986,114.80278008297319,101.52366699185222,0
987,114.91683241596911,105.71620898554102,0
988,115.03355070797261,105.55233299965039,0
989,115.15169745800085,101.47324996069074,0
990,115.26397599995835,103.09262503869832,0
991,115.37864258297486,102.72091696970165,0
992,115.49164999998175,102.36612497828901,0
993,115.60664379096124,104.5012500253506,0
994,115.72256224998273,105.7752079796046,0
995,115.84098037495278,105.57245800737292,0
996,115.95916874997783,101.08316602418199,0
997,116.07284445798723,103.17725001368672,0
998,116.1886234159465,101.78425000049174,0
999,116.30302437499631,101.44324996508658,0
